baseline,arm,variable,level,lead,spread,spread_rms,crps,n_inits
aifs,weight,2m_temperature,,6,0.16586752,0.17684732,0.28167888,112
aifs,ic,2m_temperature,,6,0.22811875,0.27110086,0.40489602,112
aifs,weight+ic,2m_temperature,,6,0.29324342,0.32631648,0.39462085,112
aifs,weight,2m_temperature,,24,0.31985339,0.36318991,0.32920697,112
aifs,ic,2m_temperature,,24,0.1836329,0.24747141,0.39277034,112
aifs,weight+ic,2m_temperature,,24,0.38311019,0.4399341,0.35858832,112
aifs,weight,2m_temperature,,72,0.64956511,0.79355347,0.44545014,112
aifs,ic,2m_temperature,,72,0.29887167,0.48789,0.50981007,112
aifs,weight+ic,2m_temperature,,72,0.72879258,0.91400626,0.45760886,112
aifs,weight,2m_temperature,,120,1.0199811,1.2708322,0.58728508,112
aifs,ic,2m_temperature,,120,0.4961355,0.84177561,0.65505495,112
aifs,weight+ic,2m_temperature,,120,1.120122,1.4288516,0.60234585,112
aifs,weight,2m_temperature,,240,1.959832,2.4281673,0.93857404,112
aifs,ic,2m_temperature,,240,1.1005873,1.7324467,0.97911633,112
aifs,weight+ic,2m_temperature,,240,2.0272786,2.5211603,0.94770329,112
aifs,weight,mean_sea_level_pressure,,6,9.7228385,10.909116,15.989996,112
aifs,ic,mean_sea_level_pressure,,6,24.818749,28.492985,23.889226,112
aifs,weight+ic,mean_sea_level_pressure,,6,26.76613,30.377812,23.534099,112
aifs,weight,mean_sea_level_pressure,,24,31.766339,35.652078,29.402548,112
aifs,ic,mean_sea_level_pressure,,24,30.406696,39.497178,35.757581,112
aifs,weight+ic,mean_sea_level_pressure,,24,44.595145,52.771272,33.782246,112
aifs,weight,mean_sea_level_pressure,,72,99.202241,119.33737,62.799207,112
aifs,ic,mean_sea_level_pressure,,72,77.495736,117.49648,70.022453,112
aifs,weight+ic,mean_sea_level_pressure,,72,127.15606,163.21085,67.478301,112
aifs,weight,mean_sea_level_pressure,,120,194.1284,247.13737,116.57354,112
aifs,ic,mean_sea_level_pressure,,120,143.71582,219.83853,126.86122,112
aifs,weight+ic,mean_sea_level_pressure,,120,233.50994,306.3603,123.53926,112
aifs,weight,mean_sea_level_pressure,,240,451.94193,579.30144,247.96124,112
aifs,ic,mean_sea_level_pressure,,240,342.69529,487.63353,254.29437,112
aifs,weight+ic,mean_sea_level_pressure,,240,476.40744,612.17965,251.17696,112
aifs,weight,geopotential,500,6,7.9732978,8.7906305,11.922175,112
aifs,ic,geopotential,500,6,17.793695,20.424282,17.662532,112
aifs,weight+ic,geopotential,500,6,19.670386,22.254349,17.191821,112
aifs,weight,geopotential,500,24,25.321886,28.470398,24.192723,112
aifs,ic,geopotential,500,24,28.367445,37.52595,28.616396,112
aifs,weight+ic,geopotential,500,24,38.884984,47.064577,27.390002,112
aifs,weight,geopotential,500,72,92.993729,113.80407,57.845935,112
aifs,ic,geopotential,500,72,76.893318,116.65186,65.258599,112
aifs,weight+ic,geopotential,500,72,123.32348,160.09545,63.76719,112
aifs,weight,geopotential,500,120,197.19299,251.63694,112.57464,112
aifs,ic,geopotential,500,120,143.75286,222.19821,122.99142,112
aifs,weight+ic,geopotential,500,120,239.26056,314.82344,120.46223,112
aifs,weight,geopotential,500,240,505.64902,642.65247,260.81546,112
aifs,ic,geopotential,500,240,363.18969,526.65254,271.80239,112
aifs,weight+ic,geopotential,500,240,536.38742,683.02923,265.45276,112
aifs,weight,geopotential,850,6,6.5936434,7.4257712,11.883259,112
aifs,ic,geopotential,850,6,17.316873,19.55026,16.873175,112
aifs,weight+ic,geopotential,850,6,18.626657,20.859052,16.606323,112
aifs,weight,geopotential,850,24,22.816698,24.940511,21.853687,112
aifs,ic,geopotential,850,24,22.522871,28.858716,26.46071,112
aifs,weight+ic,geopotential,850,24,32.55087,37.926708,24.806549,112
aifs,weight,geopotential,850,72,73.608967,87.428001,46.929774,112
aifs,ic,geopotential,850,72,57.626019,86.603801,52.512532,112
aifs,weight+ic,geopotential,850,72,94.842481,120.39548,50.533882,112
aifs,weight,geopotential,850,120,145.69997,184.35727,87.490248,112
aifs,ic,geopotential,850,120,107.19337,163.30351,95.018386,112
aifs,weight+ic,geopotential,850,120,175.97184,229.70946,92.786746,112
aifs,weight,geopotential,850,240,347.22336,445.495,189.93555,112
aifs,ic,geopotential,850,240,259.03798,370.22379,193.60185,112
aifs,weight+ic,geopotential,850,240,367.10133,472.17921,192.57406,112
aifs,weight,temperature,500,6,0.082385605,0.087210513,0.12384147,112
aifs,ic,temperature,500,6,0.22584476,0.24868982,0.24242912,112
aifs,weight+ic,temperature,500,6,0.2436038,0.26471473,0.23669112,112
aifs,weight,temperature,500,24,0.29409172,0.31606635,0.24304788,112
aifs,ic,temperature,500,24,0.24190572,0.29800988,0.34088863,112
aifs,weight+ic,temperature,500,24,0.39266048,0.43619526,0.31125229,112
aifs,weight,temperature,500,72,0.74358731,0.82982302,0.41786285,112
aifs,ic,temperature,500,72,0.43856502,0.63601799,0.49782474,112
aifs,weight+ic,temperature,500,72,0.88512907,1.0216165,0.45454871,112
aifs,weight,temperature,500,120,1.2031603,1.3839963,0.64290797,112
aifs,ic,temperature,500,120,0.71184786,1.0503649,0.72127705,112
aifs,weight+ic,temperature,500,120,1.3666536,1.6032142,0.67293761,112
aifs,weight,temperature,500,240,2.3137329,2.6784512,1.1907225,112
aifs,ic,temperature,500,240,1.6083776,2.1872678,1.2600433,112
aifs,weight+ic,temperature,500,240,2.4206557,2.8047104,1.2044027,112
aifs,weight,temperature,850,6,0.093055973,0.099727431,0.19082745,112
aifs,ic,temperature,850,6,0.34805679,0.44434392,0.36755887,112
aifs,weight+ic,temperature,850,6,0.36635974,0.45651162,0.36344642,112
aifs,weight,temperature,850,24,0.29088124,0.34795987,0.35017337,112
aifs,ic,temperature,850,24,0.28475703,0.36954719,0.44417622,112
aifs,weight+ic,temperature,850,24,0.41799968,0.50821629,0.41871265,112
aifs,weight,temperature,850,72,0.72835639,0.88778358,0.52502198,112
aifs,ic,temperature,850,72,0.45829477,0.66126674,0.61203114,112
aifs,weight+ic,temperature,850,72,0.8738829,1.0845163,0.55670706,112
aifs,weight,temperature,850,120,1.2051465,1.4688238,0.75479191,112
aifs,ic,temperature,850,120,0.76629862,1.1146875,0.84843279,112
aifs,weight+ic,temperature,850,120,1.3881285,1.7144293,0.78496826,112
aifs,weight,temperature,850,240,2.4921535,2.9564394,1.3444511,112
aifs,ic,temperature,850,240,1.7437833,2.3360243,1.4320735,112
aifs,weight+ic,temperature,850,240,2.6178031,3.1016119,1.3608673,112
aifs,weight,u_component_of_wind,500,6,0.20895737,0.21939647,0.39572147,112
aifs,ic,u_component_of_wind,500,6,0.76603784,0.85520805,0.71661902,112
aifs,weight+ic,u_component_of_wind,500,6,0.80021659,0.8857848,0.71040857,112
aifs,weight,u_component_of_wind,500,24,0.61723233,0.66543999,0.90428171,112
aifs,ic,u_component_of_wind,500,24,0.84209253,0.99188969,0.9933956,112
aifs,weight+ic,u_component_of_wind,500,24,1.0706662,1.2032462,0.94966501,112
aifs,weight,u_component_of_wind,500,72,1.8621293,2.1025497,1.459286,112
aifs,ic,u_component_of_wind,500,72,1.4857498,1.9591983,1.623145,112
aifs,weight+ic,u_component_of_wind,500,72,2.409733,2.7792712,1.5037128,112
aifs,weight,u_component_of_wind,500,120,3.2771869,3.7084095,2.087666,112
aifs,ic,u_component_of_wind,500,120,2.2657661,2.992095,2.3063863,112
aifs,weight+ic,u_component_of_wind,500,120,3.8070292,4.3422798,2.1569621,112
aifs,weight,u_component_of_wind,500,240,6.3363967,7.0362926,3.5621409,112
aifs,ic,u_component_of_wind,500,240,4.6332095,5.6491603,3.7449449,112
aifs,weight+ic,u_component_of_wind,500,240,6.6153751,7.3359072,3.6034715,112
aifs,weight,u_component_of_wind,850,6,0.15194718,0.16392191,0.35550892,112
aifs,ic,u_component_of_wind,850,6,0.6669089,0.75916964,0.60508983,112
aifs,weight+ic,u_component_of_wind,850,6,0.68904701,0.77522728,0.60051403,112
aifs,weight,u_component_of_wind,850,24,0.43649065,0.4792028,0.72629729,112
aifs,ic,u_component_of_wind,850,24,0.61917445,0.75430801,0.78689891,112
aifs,weight+ic,u_component_of_wind,850,24,0.76924581,0.89115801,0.75501253,112
aifs,weight,u_component_of_wind,850,72,1.2360471,1.4681692,1.1137014,112
aifs,ic,u_component_of_wind,850,72,1.0535305,1.4680899,1.2202537,112
aifs,weight+ic,u_component_of_wind,850,72,1.6186039,1.9805666,1.1355833,112
aifs,weight,u_component_of_wind,850,120,2.1791852,2.6089896,1.5497266,112
aifs,ic,u_component_of_wind,850,120,1.6318738,2.2468045,1.7116788,112
aifs,weight+ic,u_component_of_wind,850,120,2.568311,3.0918936,1.5985604,112
aifs,weight,u_component_of_wind,850,240,4.1881798,4.8180687,2.4888925,112
aifs,ic,u_component_of_wind,850,240,3.2159623,4.0311912,2.5918566,112
aifs,weight+ic,u_component_of_wind,850,240,4.3590798,5.0035717,2.5100092,112
aifs,weight,v_component_of_wind,500,6,0.20546622,0.22026192,0.40279618,112
aifs,ic,v_component_of_wind,500,6,0.77336675,0.85882525,0.72179193,112
aifs,weight+ic,v_component_of_wind,500,6,0.8044136,0.88681889,0.71665929,112
aifs,weight,v_component_of_wind,500,24,0.61014522,0.67125508,0.9261181,112
aifs,ic,v_component_of_wind,500,24,0.85982101,1.0261841,1.0069811,112
aifs,weight+ic,v_component_of_wind,500,24,1.0828701,1.2373832,0.96604858,112
aifs,weight,v_component_of_wind,500,72,1.7653703,2.1111192,1.4901601,112
aifs,ic,v_component_of_wind,500,72,1.4952653,2.0414519,1.6285543,112
aifs,weight+ic,v_component_of_wind,500,72,2.3291527,2.8325537,1.5219005,112
aifs,weight,v_component_of_wind,500,120,3.1343565,3.7894263,2.1394465,112
aifs,ic,v_component_of_wind,500,120,2.2999411,3.174814,2.3458693,112
aifs,weight+ic,v_component_of_wind,500,120,3.687635,4.4875383,2.2022723,112
aifs,weight,v_component_of_wind,500,240,5.9625635,7.1393428,3.5409851,112
aifs,ic,v_component_of_wind,500,240,4.65683,5.9940847,3.7409448,112
aifs,weight+ic,v_component_of_wind,500,240,6.2325195,7.4382627,3.5679494,112
aifs,weight,v_component_of_wind,850,6,0.14776511,0.16133648,0.35945641,112
aifs,ic,v_component_of_wind,850,6,0.65694749,0.74757384,0.59975198,112
aifs,weight+ic,v_component_of_wind,850,6,0.67824409,0.7641266,0.59603389,112
aifs,weight,v_component_of_wind,850,24,0.41319529,0.46657795,0.73644561,112
aifs,ic,v_component_of_wind,850,24,0.60707084,0.74697549,0.77837732,112
aifs,weight+ic,v_component_of_wind,850,24,0.74846897,0.88203311,0.75135994,112
aifs,weight,v_component_of_wind,850,72,1.1621771,1.4460865,1.1121386,112
aifs,ic,v_component_of_wind,850,72,1.031828,1.4715119,1.2004892,112
aifs,weight+ic,v_component_of_wind,850,72,1.547832,1.9716292,1.1277808,112
aifs,weight,v_component_of_wind,850,120,2.0807106,2.6181044,1.5510622,112
aifs,ic,v_component_of_wind,850,120,1.6069711,2.2675564,1.6893687,112
aifs,weight+ic,v_component_of_wind,850,120,2.4711471,3.1116506,1.5870892,112
aifs,weight,v_component_of_wind,850,240,3.9402174,4.7702968,2.413706,112
aifs,ic,v_component_of_wind,850,240,3.1382477,4.0839896,2.5274915,112
aifs,weight+ic,v_component_of_wind,850,240,4.1038412,4.9464923,2.4197272,112
aifs,weight,specific_humidity,500,6,2.870434e-05,3.0073561e-05,7.3174976e-05,112
aifs,ic,specific_humidity,500,6,0.00011617134,0.00017246768,0.00011051748,112
aifs,weight+ic,specific_humidity,500,6,0.00012458549,0.00017517326,0.0001096688,112
aifs,weight,specific_humidity,500,24,0.00010321627,0.00011798115,0.00015409101,112
aifs,ic,specific_humidity,500,24,0.00011240397,0.00016316418,0.00016506444,112
aifs,weight+ic,specific_humidity,500,24,0.00016046464,0.00020159615,0.0001576747,112
aifs,weight,specific_humidity,500,72,0.00025641583,0.00031225173,0.0002137674,112
aifs,ic,specific_humidity,500,72,0.00014885929,0.00021348331,0.00024456113,112
aifs,weight+ic,specific_humidity,500,72,0.00030040181,0.00036725964,0.00021911847,112
aifs,weight,specific_humidity,500,120,0.00038840068,0.00047116903,0.00026393815,112
aifs,ic,specific_humidity,500,120,0.00019679171,0.00027289948,0.00030478236,112
aifs,weight+ic,specific_humidity,500,120,0.00042188325,0.00050838516,0.00027233605,112
aifs,weight,specific_humidity,500,240,0.00061533924,0.00072036371,0.00036554291,112
aifs,ic,specific_humidity,500,240,0.00037301285,0.00047383947,0.00039814796,112
aifs,weight+ic,specific_humidity,500,240,0.00062847755,0.00073297711,0.00036907553,112
aifs,weight,specific_humidity,850,6,7.5965186e-05,7.9750056e-05,0.00020946576,112
aifs,ic,specific_humidity,850,6,0.00033020767,0.00044892957,0.00034461664,112
aifs,weight+ic,specific_humidity,850,6,0.00034836665,0.00045754706,0.00034155318,112
aifs,weight,specific_humidity,850,24,0.00025496581,0.00028938984,0.00040704623,112
aifs,ic,specific_humidity,850,24,0.00028262906,0.00038024452,0.00045255632,112
aifs,weight+ic,specific_humidity,850,24,0.00039556438,0.0004801461,0.00043091179,112
aifs,weight,specific_humidity,850,72,0.00062728006,0.00073686896,0.00054488513,112
aifs,ic,specific_humidity,850,72,0.00034898141,0.00048732923,0.0006293002,112
aifs,weight+ic,specific_humidity,850,72,0.00072880507,0.00086478146,0.00055930789,112
aifs,weight,specific_humidity,850,120,0.0009356387,0.001092469,0.00065356349,112
aifs,ic,specific_humidity,850,120,0.0004787892,0.00065197294,0.00076084234,112
aifs,weight+ic,specific_humidity,850,120,0.0010225906,0.0011875732,0.00067191598,112
aifs,weight,specific_humidity,850,240,0.0014981814,0.001686636,0.00086059683,112
aifs,ic,specific_humidity,850,240,0.00088089201,0.0010918712,0.00094552773,112
aifs,weight+ic,specific_humidity,850,240,0.0015318048,0.0017170607,0.00086806036,112
aurora,weight,2m_temperature,,6,0.073609674,0.084661981,0.26850989,112
aurora,ic,2m_temperature,,6,0.33534725,0.39010849,0.51561575,112
aurora,weight+ic,2m_temperature,,6,0.34413067,0.39765336,0.51404437,112
aurora,weight,2m_temperature,,24,0.24435385,0.28269663,0.36927799,112
aurora,ic,2m_temperature,,24,0.30661979,0.36519679,0.47331746,112
aurora,weight+ic,2m_temperature,,24,0.39285371,0.45078818,0.43760213,112
aurora,weight,2m_temperature,,72,0.66152192,0.79560814,0.60471693,112
aurora,ic,2m_temperature,,72,0.4346301,0.61719604,0.73608112,112
aurora,weight+ic,2m_temperature,,72,0.76472875,0.94808901,0.61926373,112
aurora,weight,2m_temperature,,120,1.05934,1.3347199,0.80977427,112
aurora,ic,2m_temperature,,120,0.6824112,1.0433213,0.97189149,112
aurora,weight+ic,2m_temperature,,120,1.1769994,1.5237366,0.81630444,112
aurora,weight,2m_temperature,,240,1.9296694,2.5307989,1.2194881,112
aurora,ic,2m_temperature,,240,1.3894618,2.0650222,1.3773379,112
aurora,weight+ic,2m_temperature,,240,1.9971188,2.6294079,1.2111016,112
aurora,weight,mean_sea_level_pressure,,6,7.6435201,8.3328662,12.126204,112
aurora,ic,mean_sea_level_pressure,,6,27.81817,32.05071,24.726739,112
aurora,weight+ic,mean_sea_level_pressure,,6,28.910258,33.067664,24.66009,112
aurora,weight,mean_sea_level_pressure,,24,29.132578,33.674966,28.451041,112
aurora,ic,mean_sea_level_pressure,,24,34.31939,43.715534,36.683481,112
aurora,weight+ic,mean_sea_level_pressure,,24,45.331843,54.723508,34.974342,112
aurora,weight,mean_sea_level_pressure,,72,99.156038,125.70469,68.051729,112
aurora,ic,mean_sea_level_pressure,,72,85.887461,129.10998,79.120786,112
aurora,weight+ic,mean_sea_level_pressure,,72,129.72363,172.85206,73.347832,112
aurora,weight,mean_sea_level_pressure,,120,190.18934,257.58374,129.13358,112
aurora,ic,mean_sea_level_pressure,,120,164.99264,250.74656,141.88744,112
aurora,weight+ic,mean_sea_level_pressure,,120,236.32298,325.11975,133.35636,112
aurora,weight,mean_sea_level_pressure,,240,441.21839,589.89501,259.46668,112
aurora,ic,mean_sea_level_pressure,,240,395.01973,554.6316,268.48728,112
aurora,weight+ic,mean_sea_level_pressure,,240,465.23608,619.12149,257.50779,112
aurora,weight,geopotential,500,6,15.720341,16.050448,9.4455339,112
aurora,ic,geopotential,500,6,18.154843,21.209389,18.079226,112
aurora,weight+ic,geopotential,500,6,24.918562,26.940418,17.09942,112
aurora,weight,geopotential,500,24,43.628819,47.240134,26.768713,112
aurora,ic,geopotential,500,24,29.427167,38.938474,38.63636,112
aurora,weight+ic,geopotential,500,24,52.991912,60.520753,32.5629,112
aurora,weight,geopotential,500,72,119.03568,147.52861,80.014359,112
aurora,ic,geopotential,500,72,82.502911,124.79056,104.86487,112
aurora,weight+ic,geopotential,500,72,145.03575,187.0152,88.017746,112
aurora,weight,geopotential,500,120,215.9722,287.26191,150.91084,112
aurora,ic,geopotential,500,120,162.96209,249.58734,179.89386,112
aurora,weight+ic,geopotential,500,120,258.83019,350.12067,156.76103,112
aurora,weight,geopotential,500,240,497.14833,672.42613,319.30934,112
aurora,ic,geopotential,500,240,422.16785,601.84338,342.17985,112
aurora,weight+ic,geopotential,500,240,525.76436,708.97577,316.75733,112
aurora,weight,geopotential,850,6,7.806773,8.4737605,8.9241611,112
aurora,ic,geopotential,850,6,18.389684,20.937305,17.007429,112
aurora,weight+ic,geopotential,850,6,20.027385,22.539036,16.708424,112
aurora,weight,geopotential,850,24,24.731163,28.857681,21.094829,112
aurora,ic,geopotential,850,24,24.250356,30.894065,28.021058,112
aurora,weight+ic,geopotential,850,24,34.930931,42.032713,26.033497,112
aurora,weight,geopotential,850,72,77.851747,98.676879,52.062736,112
aurora,ic,geopotential,850,72,62.729162,93.656528,63.704592,112
aurora,weight+ic,geopotential,850,72,99.248947,130.98924,57.614959,112
aurora,weight,geopotential,850,120,146.07427,196.95873,98.6659,112
aurora,ic,geopotential,850,120,121.5818,183.8259,111.74013,112
aurora,weight+ic,geopotential,850,120,179.54744,245.32713,103.21305,112
aurora,weight,geopotential,850,240,338.1662,453.24214,201.79562,112
aurora,ic,geopotential,850,240,297.40387,418.10232,211.27846,112
aurora,weight+ic,geopotential,850,240,356.96205,476.16239,200.71419,112
aurora,weight,temperature,500,6,0.10327721,0.10650178,0.10828699,112
aurora,ic,temperature,500,6,0.23846083,0.26492799,0.23433483,112
aurora,weight+ic,temperature,500,6,0.26149655,0.28577034,0.23518381,112
aurora,weight,temperature,500,24,0.29076052,0.30788271,0.24720064,112
aurora,ic,temperature,500,24,0.26875511,0.32208493,0.31420942,112
aurora,weight+ic,temperature,500,24,0.39573674,0.4374308,0.28967498,112
aurora,weight,temperature,500,72,0.73201873,0.83641802,0.48660643,112
aurora,ic,temperature,500,72,0.52716856,0.72944171,0.57958457,112
aurora,weight+ic,temperature,500,72,0.87253196,1.0395886,0.50685476,112
aurora,weight,temperature,500,120,1.1935222,1.4318585,0.76936007,112
aurora,ic,temperature,500,120,0.88933786,1.248957,0.88050544,112
aurora,weight+ic,temperature,500,120,1.3727372,1.6869329,0.78028575,112
aurora,weight,temperature,500,240,2.2585965,2.7670657,1.3946029,112
aurora,ic,temperature,500,240,1.9177496,2.5151301,1.4731275,112
aurora,weight+ic,temperature,500,240,2.3633223,2.8970349,1.3804062,112
aurora,weight,temperature,850,6,0.10625984,0.11535982,0.1653425,112
aurora,ic,temperature,850,6,0.39103681,0.49156483,0.37345366,112
aurora,weight+ic,temperature,850,6,0.40725209,0.50288481,0.37158663,112
aurora,weight,temperature,850,24,0.30664368,0.35073237,0.34767092,112
aurora,ic,temperature,850,24,0.36691742,0.46147482,0.43963051,112
aurora,weight+ic,temperature,850,24,0.47544328,0.56034538,0.41266935,112
aurora,weight,temperature,850,72,0.80957291,0.96273948,0.58635177,112
aurora,ic,temperature,850,72,0.60057637,0.81263774,0.69478443,112
aurora,weight+ic,temperature,850,72,0.95817332,1.1613975,0.60572783,112
aurora,weight,temperature,850,120,1.3208486,1.6006685,0.86634914,112
aurora,ic,temperature,850,120,0.9933783,1.3607516,1.0039029,112
aurora,weight+ic,temperature,850,120,1.5154538,1.8616653,0.87772141,112
aurora,weight,temperature,850,240,2.5340449,3.0734748,1.5170607,112
aurora,ic,temperature,850,240,2.1103599,2.7202638,1.6466229,112
aurora,weight+ic,temperature,850,240,2.6520216,3.2119155,1.511468,112
aurora,weight,u_component_of_wind,500,6,0.20125768,0.2188668,0.32637831,112
aurora,ic,u_component_of_wind,500,6,0.83513888,0.9503786,0.71131982,112
aurora,weight+ic,u_component_of_wind,500,6,0.86096231,0.97295159,0.70693581,112
aurora,weight,u_component_of_wind,500,24,0.64369024,0.72728225,0.88409351,112
aurora,ic,u_component_of_wind,500,24,0.93516697,1.1083654,0.95721372,112
aurora,weight+ic,u_component_of_wind,500,24,1.1409926,1.2985005,0.91934114,112
aurora,weight,u_component_of_wind,500,72,1.9953144,2.3017653,1.5454944,112
aurora,ic,u_component_of_wind,500,72,1.7541832,2.2608363,1.6841651,112
aurora,weight+ic,u_component_of_wind,500,72,2.5171918,2.9282666,1.5544523,112
aurora,weight,u_component_of_wind,500,120,3.417718,3.9140379,2.2488951,112
aurora,ic,u_component_of_wind,500,120,2.7934618,3.5765762,2.4680111,112
aurora,weight+ic,u_component_of_wind,500,120,3.9554178,4.5583921,2.2787755,112
aurora,weight,u_component_of_wind,500,240,6.4005743,7.2107917,3.7462724,112
aurora,ic,u_component_of_wind,500,240,5.5348426,6.5855057,3.9173809,112
aurora,weight+ic,u_component_of_wind,500,240,6.6569225,7.4793248,3.7385183,112
aurora,weight,u_component_of_wind,850,6,0.1304499,0.1442863,0.3014854,112
aurora,ic,u_component_of_wind,850,6,0.76611343,0.87807425,0.61871633,112
aurora,weight+ic,u_component_of_wind,850,6,0.77689954,0.88749734,0.61675248,112
aurora,weight,u_component_of_wind,850,24,0.40557829,0.47829828,0.72222708,112
aurora,ic,u_component_of_wind,850,24,0.75978465,0.91921494,0.78699392,112
aurora,weight+ic,u_component_of_wind,850,24,0.85849345,1.015222,0.76373396,112
aurora,weight,u_component_of_wind,850,72,1.3217537,1.6174901,1.1846602,112
aurora,ic,u_component_of_wind,850,72,1.3361498,1.7685843,1.2695976,112
aurora,weight+ic,u_component_of_wind,850,72,1.7523509,2.1590511,1.182165,112
aurora,weight,u_component_of_wind,850,120,2.3284394,2.8158086,1.6847129,112
aurora,ic,u_component_of_wind,850,120,2.0925742,2.736894,1.8259238,112
aurora,weight+ic,u_component_of_wind,850,120,2.7528241,3.3323015,1.6919162,112
aurora,weight,u_component_of_wind,850,240,4.3043989,4.989039,2.6094655,112
aurora,ic,u_component_of_wind,850,240,3.8790832,4.7014328,2.7293492,112
aurora,weight+ic,u_component_of_wind,850,240,4.4604766,5.1521153,2.5915773,112
aurora,weight,v_component_of_wind,500,6,0.1737961,0.18985726,0.34040869,112
aurora,ic,v_component_of_wind,500,6,0.84305587,0.95339671,0.71013191,112
aurora,weight+ic,v_component_of_wind,500,6,0.8609219,0.96963453,0.70722712,112
aurora,weight,v_component_of_wind,500,24,0.5654961,0.6609699,0.91640391,112
aurora,ic,v_component_of_wind,500,24,0.95387993,1.1406084,0.96039024,112
aurora,weight+ic,v_component_of_wind,500,24,1.1089196,1.2918811,0.92918442,112
aurora,weight,v_component_of_wind,500,72,1.8576839,2.2827171,1.5565539,112
aurora,ic,v_component_of_wind,500,72,1.7678964,2.3652319,1.682304,112
aurora,weight+ic,v_component_of_wind,500,72,2.3974313,2.9589687,1.5693201,112
aurora,weight,v_component_of_wind,500,120,3.2509216,3.9862798,2.2767453,112
aurora,ic,v_component_of_wind,500,120,2.8383419,3.7941297,2.4740273,112
aurora,weight+ic,v_component_of_wind,500,120,3.8055878,4.6821374,2.3008423,112
aurora,weight,v_component_of_wind,500,240,6.0776703,7.293675,3.6518309,112
aurora,ic,v_component_of_wind,500,240,5.6305595,7.0403455,3.8113472,112
aurora,weight+ic,v_component_of_wind,500,240,6.3111002,7.5613531,3.6462069,112
aurora,weight,v_component_of_wind,850,6,0.12181781,0.13573895,0.30430481,112
aurora,ic,v_component_of_wind,850,6,0.75443845,0.86554093,0.61834827,112
aurora,weight+ic,v_component_of_wind,850,6,0.76337499,0.87354383,0.61679625,112
aurora,weight,v_component_of_wind,850,24,0.37411601,0.45626825,0.73212861,112
aurora,ic,v_component_of_wind,850,24,0.74913139,0.91490702,0.78029301,112
aurora,weight+ic,v_component_of_wind,850,24,0.83131162,0.99897748,0.75972362,112
aurora,weight,v_component_of_wind,850,72,1.2650297,1.6193466,1.1720306,112
aurora,ic,v_component_of_wind,850,72,1.3051378,1.7679493,1.2494059,112
aurora,weight+ic,v_component_of_wind,850,72,1.6781805,2.1429736,1.1703475,112
aurora,weight,v_component_of_wind,850,120,2.2381373,2.8261117,1.6557063,112
aurora,ic,v_component_of_wind,850,120,2.0520469,2.7520362,1.7856766,112
aurora,weight+ic,v_component_of_wind,850,120,2.642096,3.3248274,1.6668273,112
aurora,weight,v_component_of_wind,850,240,4.046194,4.8933744,2.4929225,112
aurora,ic,v_component_of_wind,850,240,3.793621,4.7577243,2.6013582,112
aurora,weight+ic,v_component_of_wind,850,240,4.1762247,5.037262,2.4868873,112
aurora,weight,specific_humidity,500,6,2.3669699e-05,3.2735543e-05,5.9057767e-05,112
aurora,ic,specific_humidity,500,6,0.00014199423,0.00021939836,0.00011129685,112
aurora,weight+ic,specific_humidity,500,6,0.00014467257,0.00022157573,0.00011083373,112
aurora,weight,specific_humidity,500,24,9.0534591e-05,0.00012930633,0.00015512237,112
aurora,ic,specific_humidity,500,24,0.00015482458,0.0002365645,0.00015714393,112
aurora,weight+ic,specific_humidity,500,24,0.00017957046,0.00026042676,0.00015223382,112
aurora,weight,specific_humidity,500,72,0.00027379827,0.00037200586,0.0002352656,112
aurora,ic,specific_humidity,500,72,0.00022490942,0.00032144111,0.00025421411,112
aurora,weight+ic,specific_humidity,500,72,0.00032774492,0.00043041165,0.00023082373,112
aurora,weight,specific_humidity,500,120,0.00041679735,0.00053076469,0.00029673179,112
aurora,ic,specific_humidity,500,120,0.00029915788,0.00040490741,0.00033240572,112
aurora,weight+ic,specific_humidity,500,120,0.00045184294,0.00056359795,0.0002953646,112
aurora,weight,specific_humidity,500,240,0.0006084921,0.0007190134,0.00040077196,112
aurora,ic,specific_humidity,500,240,0.00047767472,0.00059086763,0.00043441064,112
aurora,weight+ic,specific_humidity,500,240,0.00062212743,0.0007315371,0.00039747846,112
aurora,weight,specific_humidity,850,6,7.2624477e-05,8.5130588e-05,0.00018440296,112
aurora,ic,specific_humidity,850,6,0.0004292111,0.00059152576,0.00038935278,112
aurora,weight+ic,specific_humidity,850,6,0.00043726948,0.00059609118,0.00038753771,112
aurora,weight,specific_humidity,850,24,0.00024608129,0.0002991401,0.00040753411,112
aurora,ic,specific_humidity,850,24,0.0004169805,0.00058246532,0.00045047331,112
aurora,weight+ic,specific_humidity,850,24,0.00048673362,0.00063626308,0.00043565472,112
aurora,weight,specific_humidity,850,72,0.00070090932,0.00088140364,0.00058993584,112
aurora,ic,specific_humidity,850,72,0.0005883329,0.00081361838,0.0006467328,112
aurora,weight+ic,specific_humidity,850,72,0.00084390178,0.0010507448,0.00058801241,112
aurora,weight,specific_humidity,850,120,0.0010665944,0.0012931246,0.00071536747,112
aurora,ic,specific_humidity,850,120,0.00081032293,0.0010655384,0.00079890499,112
aurora,weight+ic,specific_humidity,850,120,0.0011650815,0.0013951401,0.00071581907,112
aurora,weight,specific_humidity,850,240,0.0015764005,0.0017906057,0.00092552532,112
aurora,ic,specific_humidity,850,240,0.0012856473,0.0015286805,0.00099280475,112
aurora,weight+ic,specific_humidity,850,240,0.0016041701,0.0018151718,0.00092364872,112
graphcast,weight,2m_temperature,,6,0.088906601,0.098889276,0.409045,112
graphcast,ic,2m_temperature,,6,0.31643784,0.36684037,0.55873082,112
graphcast,weight+ic,2m_temperature,,6,0.3306714,0.37947244,0.55342581,112
graphcast,weight,2m_temperature,,24,0.2401379,0.25886861,0.48969563,112
graphcast,ic,2m_temperature,,24,0.25963975,0.30670623,0.55208801,112
graphcast,weight+ic,2m_temperature,,24,0.35795317,0.39882524,0.5362026,112
graphcast,weight,2m_temperature,,72,0.68559312,0.74762258,0.58626531,112
graphcast,ic,2m_temperature,,72,0.35101965,0.50265852,0.63423712,112
graphcast,weight+ic,2m_temperature,,72,0.77801092,0.87903616,0.61559724,112
graphcast,weight,2m_temperature,,120,1.1613665,1.2943896,0.71952546,112
graphcast,ic,2m_temperature,,120,0.54538391,0.85677935,0.7619913,112
graphcast,weight+ic,2m_temperature,,120,1.2746297,1.4606267,0.76366685,112
graphcast,weight,2m_temperature,,240,2.2631214,2.560284,1.1003271,112
graphcast,ic,2m_temperature,,240,1.1838208,1.8011499,1.0826244,112
graphcast,weight+ic,2m_temperature,,240,2.3522894,2.6769182,1.1601078,112
graphcast,weight,mean_sea_level_pressure,,6,11.531502,12.761631,19.185736,112
graphcast,ic,mean_sea_level_pressure,,6,26.736433,30.63095,28.226469,112
graphcast,weight+ic,mean_sea_level_pressure,,6,29.372951,33.182161,27.549962,112
graphcast,weight,mean_sea_level_pressure,,24,32.679102,37.147203,35.564238,112
graphcast,ic,mean_sea_level_pressure,,24,32.759032,41.234787,40.804131,112
graphcast,weight+ic,mean_sea_level_pressure,,24,47.194973,55.556688,37.819054,112
graphcast,weight,mean_sea_level_pressure,,72,101.76282,122.66872,71.314191,112
graphcast,ic,mean_sea_level_pressure,,72,80.726366,119.13619,72.30965,112
graphcast,weight+ic,mean_sea_level_pressure,,72,133.29556,170.23828,69.241375,112
graphcast,weight,mean_sea_level_pressure,,120,195.34789,244.38296,126.82314,112
graphcast,ic,mean_sea_level_pressure,,120,149.6374,225.23465,128.75285,112
graphcast,weight+ic,mean_sea_level_pressure,,120,245.51251,317.62241,127.28164,112
graphcast,weight,mean_sea_level_pressure,,240,472.21837,593.75846,257.81123,112
graphcast,ic,mean_sea_level_pressure,,240,363.25542,507.72564,260.91347,112
graphcast,weight+ic,mean_sea_level_pressure,,240,512.97776,646.8742,258.42258,112
graphcast,weight,geopotential,500,6,10.998662,11.77071,13.307776,112
graphcast,ic,geopotential,500,6,18.643306,21.333995,18.980623,112
graphcast,weight+ic,geopotential,500,6,21.896086,24.415702,18.514451,112
graphcast,weight,geopotential,500,24,31.918571,35.286017,23.398859,112
graphcast,ic,geopotential,500,24,29.437208,38.404824,29.859517,112
graphcast,weight+ic,geopotential,500,24,44.730102,52.254884,28.026507,112
graphcast,weight,geopotential,500,72,97.635251,119.40715,57.76791,112
graphcast,ic,geopotential,500,72,79.281773,118.76865,64.123223,112
graphcast,weight+ic,geopotential,500,72,130.18123,168.02297,66.858619,112
graphcast,weight,geopotential,500,120,191.61175,245.28558,119.27622,112
graphcast,ic,geopotential,500,120,149.49875,228.08874,122.07563,112
graphcast,weight+ic,geopotential,500,120,243.63696,322.45069,131.68523,112
graphcast,weight,geopotential,500,240,514.61997,651.1382,277.51822,112
graphcast,ic,geopotential,500,240,388.63009,553.76776,273.49696,112
graphcast,weight+ic,geopotential,500,240,563.83022,715.78199,297.37669,112
graphcast,weight,geopotential,850,6,9.1186565,9.7641889,13.279123,112
graphcast,ic,geopotential,850,6,17.89373,20.256116,18.927298,112
graphcast,weight+ic,geopotential,850,6,20.231467,22.487739,18.42082,112
graphcast,weight,geopotential,850,24,24.780245,27.388221,23.590618,112
graphcast,ic,geopotential,850,24,23.728962,29.873089,29.047792,112
graphcast,weight+ic,geopotential,850,24,34.906637,40.491022,27.305251,112
graphcast,weight,geopotential,850,72,72.918182,88.997686,53.271827,112
graphcast,ic,geopotential,850,72,60.026767,88.178443,52.919916,112
graphcast,weight+ic,geopotential,850,72,96.730439,124.78865,51.75618,112
graphcast,weight,geopotential,850,120,138.91549,178.15524,97.539123,112
graphcast,ic,geopotential,850,120,112.04298,167.89287,95.435118,112
graphcast,weight+ic,geopotential,850,120,177.75924,234.94198,95.583498,112
graphcast,weight,geopotential,850,240,350.58392,449.54379,198.03557,112
graphcast,ic,geopotential,850,240,276.43444,387.32688,197.54914,112
graphcast,weight+ic,geopotential,850,240,384.83455,493.24466,197.28904,112
graphcast,weight,temperature,500,6,0.10473913,0.1185734,0.14249322,112
graphcast,ic,temperature,500,6,0.22360294,0.2457245,0.30505434,112
graphcast,weight+ic,temperature,500,6,0.24832338,0.26969535,0.30082392,112
graphcast,weight,temperature,500,24,0.21623734,0.23935356,0.28278478,112
graphcast,ic,temperature,500,24,0.23784705,0.29039247,0.36628714,112
graphcast,weight+ic,temperature,500,24,0.32349768,0.371844,0.34923152,112
graphcast,weight,temperature,500,72,0.55439793,0.65901812,0.48808277,112
graphcast,ic,temperature,500,72,0.44900512,0.64146964,0.49837606,112
graphcast,weight+ic,temperature,500,72,0.71671978,0.89181086,0.47598703,112
graphcast,weight,temperature,500,120,1.0134217,1.225605,0.71843045,112
graphcast,ic,temperature,500,120,0.74675328,1.0837212,0.72299393,112
graphcast,weight+ic,temperature,500,120,1.2274448,1.5194581,0.70770618,112
graphcast,weight,temperature,500,240,2.3357423,2.7450975,1.2331903,112
graphcast,ic,temperature,500,240,1.7083842,2.2819411,1.2627439,112
graphcast,weight+ic,temperature,500,240,2.5127716,2.9599727,1.3035225,112
graphcast,weight,temperature,850,6,0.10313074,0.12001405,0.2382842,112
graphcast,ic,temperature,850,6,0.3563425,0.44185837,0.39618561,112
graphcast,weight+ic,temperature,850,6,0.3734623,0.45596095,0.39184085,112
graphcast,weight,temperature,850,24,0.22947375,0.2617185,0.41954249,112
graphcast,ic,temperature,850,24,0.29273214,0.360452,0.46898709,112
graphcast,weight+ic,temperature,850,24,0.37161538,0.43678852,0.45164521,112
graphcast,weight,temperature,850,72,0.6317604,0.73925995,0.58093619,112
graphcast,ic,temperature,850,72,0.47392093,0.66432347,0.63363735,112
graphcast,weight+ic,temperature,850,72,0.79035818,0.96121564,0.61826028,112
graphcast,weight,temperature,850,120,1.1692838,1.3696286,0.81326594,112
graphcast,ic,temperature,850,120,0.80468293,1.152912,0.86126742,112
graphcast,weight+ic,temperature,850,120,1.3855625,1.663414,0.86739434,112
graphcast,weight,temperature,850,240,2.6329247,3.0307428,1.4481558,112
graphcast,ic,temperature,850,240,1.8745483,2.483311,1.4510833,112
graphcast,weight+ic,temperature,850,240,2.8069987,3.2402302,1.536111,112
graphcast,weight,u_component_of_wind,500,6,0.22501773,0.24340752,0.46096736,112
graphcast,ic,u_component_of_wind,500,6,0.76436621,0.85705989,0.75047575,112
graphcast,weight+ic,u_component_of_wind,500,6,0.79782016,0.88737609,0.74411814,112
graphcast,weight,u_component_of_wind,500,24,0.54433599,0.60697126,0.9766209,112
graphcast,ic,u_component_of_wind,500,24,0.81674237,0.9559018,1.0146087,112
graphcast,weight+ic,u_component_of_wind,500,24,0.98288832,1.1193748,0.98694381,112
graphcast,weight,u_component_of_wind,500,72,1.565936,1.8440794,1.5824944,112
graphcast,ic,u_component_of_wind,500,72,1.495069,1.9558794,1.6261524,112
graphcast,weight+ic,u_component_of_wind,500,72,2.1438756,2.562118,1.5526944,112
graphcast,weight,u_component_of_wind,500,120,2.8170587,3.2989333,2.2559536,112
graphcast,ic,u_component_of_wind,500,120,2.3646868,3.0895913,2.301478,112
graphcast,weight+ic,u_component_of_wind,500,120,3.4885331,4.098798,2.2043736,112
graphcast,weight,u_component_of_wind,500,240,6.0311887,6.8206943,3.751192,112
graphcast,ic,u_component_of_wind,500,240,4.9896906,5.9983162,3.7742657,112
graphcast,weight+ic,u_component_of_wind,500,240,6.5404525,7.3599669,3.6858596,112
graphcast,weight,u_component_of_wind,850,6,0.1594024,0.17446395,0.42602889,112
graphcast,ic,u_component_of_wind,850,6,0.69355441,0.78864261,0.64489379,112
graphcast,weight+ic,u_component_of_wind,850,6,0.71228534,0.80502754,0.64086998,112
graphcast,weight,u_component_of_wind,850,24,0.34953766,0.3995439,0.8152405,112
graphcast,ic,u_component_of_wind,850,24,0.62863499,0.7510348,0.8227855,112
graphcast,weight+ic,u_component_of_wind,850,24,0.71727956,0.83975282,0.80383457,112
graphcast,weight,u_component_of_wind,850,72,1.0177016,1.2668161,1.2462651,112
graphcast,ic,u_component_of_wind,850,72,1.08853,1.4711683,1.2271255,112
graphcast,weight+ic,u_component_of_wind,850,72,1.4645756,1.8483672,1.1853391,112
graphcast,weight,u_component_of_wind,850,120,1.9001685,2.3390817,1.7207007,112
graphcast,ic,u_component_of_wind,850,120,1.7184479,2.3071364,1.7068646,112
graphcast,weight+ic,u_component_of_wind,850,120,2.4198443,2.9708752,1.6543973,112
graphcast,weight,u_component_of_wind,850,240,4.1237375,4.7617523,2.6237158,112
graphcast,ic,u_component_of_wind,850,240,3.435127,4.2181851,2.6408221,112
graphcast,weight+ic,u_component_of_wind,850,240,4.4404826,5.0947283,2.5859545,112
graphcast,weight,v_component_of_wind,500,6,0.24750187,0.26606617,0.46325173,112
graphcast,ic,v_component_of_wind,500,6,0.77698932,0.86701836,0.74814518,112
graphcast,weight+ic,v_component_of_wind,500,6,0.81634075,0.9031636,0.74030381,112
graphcast,weight,v_component_of_wind,500,24,0.54100554,0.62282556,0.99850569,112
graphcast,ic,v_component_of_wind,500,24,0.83808536,0.99325297,1.0200952,112
graphcast,weight+ic,v_component_of_wind,500,24,1.0002965,1.1597048,0.99215851,112
graphcast,weight,v_component_of_wind,500,72,1.5156344,1.9228544,1.5999757,112
graphcast,ic,v_component_of_wind,500,72,1.5078548,2.0491134,1.6419815,112
graphcast,weight+ic,v_component_of_wind,500,72,2.1028304,2.6693743,1.5771813,112
graphcast,weight,v_component_of_wind,500,120,2.7561574,3.4953603,2.2855704,112
graphcast,ic,v_component_of_wind,500,120,2.3929816,3.2785352,2.3455231,112
graphcast,weight+ic,v_component_of_wind,500,120,3.4284254,4.3224395,2.2618729,112
graphcast,weight,v_component_of_wind,500,240,5.8347952,7.0968139,3.6577516,112
graphcast,ic,v_component_of_wind,500,240,5.0114409,6.3535512,3.7502078,112
graphcast,weight+ic,v_component_of_wind,500,240,6.2548058,7.5528231,3.6391322,112
graphcast,weight,v_component_of_wind,850,6,0.15841641,0.17286282,0.4248278,112
graphcast,ic,v_component_of_wind,850,6,0.68660304,0.78173072,0.64040047,112
graphcast,weight+ic,v_component_of_wind,850,6,0.7043103,0.79765065,0.63696604,112
graphcast,weight,v_component_of_wind,850,24,0.33449143,0.39209354,0.81565881,112
graphcast,ic,v_component_of_wind,850,24,0.62047407,0.74811034,0.80672951,112
graphcast,weight+ic,v_component_of_wind,850,24,0.70129255,0.83263608,0.79088735,112
graphcast,weight,v_component_of_wind,850,72,0.98489172,1.2926638,1.2081959,112
graphcast,ic,v_component_of_wind,850,72,1.0624678,1.4745893,1.2043021,112
graphcast,weight+ic,v_component_of_wind,850,72,1.4193583,1.8627431,1.1666555,112
graphcast,weight,v_component_of_wind,850,120,1.8420165,2.3988001,1.6651265,112
graphcast,ic,v_component_of_wind,850,120,1.6813081,2.32745,1.6833658,112
graphcast,weight+ic,v_component_of_wind,850,120,2.3341225,3.0051328,1.6328947,112
graphcast,weight,v_component_of_wind,850,240,3.8672598,4.7176411,2.4925205,112
graphcast,ic,v_component_of_wind,850,240,3.3369085,4.2644108,2.552812,112
graphcast,weight+ic,v_component_of_wind,850,240,4.1317352,5.0028921,2.4883636,112
graphcast,weight,specific_humidity,500,6,3.2368724e-05,4.1918283e-05,7.8294733e-05,112
graphcast,ic,specific_humidity,500,6,0.00012770646,0.00019749191,0.00011571716,112
graphcast,weight+ic,specific_humidity,500,6,0.00013271893,0.00020097211,0.00011454007,112
graphcast,weight,specific_humidity,500,24,8.3787834e-05,0.00010519254,0.00017140985,112
graphcast,ic,specific_humidity,500,24,0.00011549735,0.0001726123,0.00017089982,112
graphcast,weight+ic,specific_humidity,500,24,0.00014394213,0.00019749591,0.00016466667,112
graphcast,weight,specific_humidity,500,72,0.0002039147,0.0002554269,0.00025054379,112
graphcast,ic,specific_humidity,500,72,0.00016267904,0.00023152336,0.00024376561,112
graphcast,weight+ic,specific_humidity,500,72,0.00026061891,0.00032994378,0.00022918264,112
graphcast,weight,specific_humidity,500,120,0.00032917628,0.0004067047,0.00030535431,112
graphcast,ic,specific_humidity,500,120,0.00022307282,0.00030541775,0.0003036962,112
graphcast,weight+ic,specific_humidity,500,120,0.0003863798,0.00047650477,0.00028630154,112
graphcast,weight,specific_humidity,500,240,0.00061091954,0.00072095323,0.00039858417,112
graphcast,ic,specific_humidity,500,240,0.0004224832,0.00053013234,0.00040268485,112
graphcast,weight+ic,specific_humidity,500,240,0.00066751269,0.00078751767,0.00039382124,112
graphcast,weight,specific_humidity,850,6,7.4867431e-05,9.1912841e-05,0.00024506102,112
graphcast,ic,specific_humidity,850,6,0.00039103871,0.00053012689,0.00039867355,112
graphcast,weight+ic,specific_humidity,850,6,0.00039760573,0.00053306494,0.00039417955,112
graphcast,weight,specific_humidity,850,24,0.00016995581,0.00020544045,0.00047127073,112
graphcast,ic,specific_humidity,850,24,0.00030605082,0.00041185133,0.00048421933,112
graphcast,weight+ic,specific_humidity,850,24,0.0003482201,0.00044655895,0.00046832146,112
graphcast,weight,specific_humidity,850,72,0.00043541888,0.00053759076,0.00062851605,112
graphcast,ic,specific_humidity,850,72,0.00037362265,0.00050538458,0.00063761743,112
graphcast,weight+ic,specific_humidity,850,72,0.0005655379,0.00070147028,0.00059670501,112
graphcast,weight,specific_humidity,850,120,0.00073258153,0.00088635598,0.00073035385,112
graphcast,ic,specific_humidity,850,120,0.00051627492,0.0006855983,0.00075838519,112
graphcast,weight+ic,specific_humidity,850,120,0.00085908813,0.0010306065,0.00070534866,112
graphcast,weight,specific_humidity,850,240,0.0013864275,0.0015879273,0.00091744979,112
graphcast,ic,specific_humidity,850,240,0.00094837546,0.001161048,0.00095830995,112
graphcast,weight+ic,specific_humidity,850,240,0.0014824974,0.0016944049,0.00092724893,112
sfno,weight,2m_temperature,,6,0.12098404,0.15438285,0.34568689,112
sfno,ic,2m_temperature,,6,0.31599626,0.36924083,0.47630149,112
sfno,weight+ic,2m_temperature,,6,0.34432495,0.3989924,0.46782266,112
sfno,weight,2m_temperature,,24,0.29088568,0.34381211,0.46391684,112
sfno,ic,2m_temperature,,24,0.25393447,0.3047286,0.52961144,112
sfno,weight+ic,2m_temperature,,24,0.38779827,0.45001323,0.4876423,112
sfno,weight,2m_temperature,,72,0.68564659,0.84832486,0.66092105,112
sfno,ic,2m_temperature,,72,0.37358252,0.54071133,0.76447542,112
sfno,weight+ic,2m_temperature,,72,0.75444297,0.94642533,0.65206162,112
sfno,weight,2m_temperature,,120,1.0802204,1.3974879,0.83458192,112
sfno,ic,2m_temperature,,120,0.61142539,0.94145582,0.97690717,112
sfno,weight+ic,2m_temperature,,120,1.1486198,1.4983442,0.82137175,112
sfno,weight,2m_temperature,,240,1.8694512,2.4432122,1.1107735,112
sfno,ic,2m_temperature,,240,1.3625443,2.0045291,1.2465478,112
sfno,weight+ic,2m_temperature,,240,1.9065482,2.4923706,1.1039339,112
sfno,weight,mean_sea_level_pressure,,6,16.55738,17.566183,17.557094,112
sfno,ic,mean_sea_level_pressure,,6,26.693343,30.799869,27.872842,112
sfno,weight+ic,mean_sea_level_pressure,,6,31.715687,35.383363,27.266021,112
sfno,weight,mean_sea_level_pressure,,24,44.02574,49.478223,39.173146,112
sfno,ic,mean_sea_level_pressure,,24,31.767774,40.547011,46.55559,112
sfno,weight+ic,mean_sea_level_pressure,,24,54.636354,63.311598,42.721972,112
sfno,weight,mean_sea_level_pressure,,72,122.64219,153.09894,93.932239,112
sfno,ic,mean_sea_level_pressure,,72,77.316532,116.07864,105.33092,112
sfno,weight+ic,mean_sea_level_pressure,,72,142.83138,183.97944,95.469731,112
sfno,weight,mean_sea_level_pressure,,120,227.53337,298.90307,165.87453,112
sfno,ic,mean_sea_level_pressure,,120,145.21464,219.99957,185.88556,112
sfno,weight+ic,mean_sea_level_pressure,,120,252.08553,334.59707,166.29628,112
sfno,weight,mean_sea_level_pressure,,240,473.41362,615.74455,274.64989,112
sfno,ic,mean_sea_level_pressure,,240,366.17062,513.33002,302.62534,112
sfno,weight+ic,mean_sea_level_pressure,,240,483.58012,627.99421,275.09987,112
sfno,weight,geopotential,500,6,14.111569,14.715045,13.777497,112
sfno,ic,geopotential,500,6,17.431524,20.358746,24.303722,112
sfno,weight+ic,geopotential,500,6,22.773467,25.080762,23.169742,112
sfno,weight,geopotential,500,24,38.932404,43.664382,33.15078,112
sfno,ic,geopotential,500,24,27.451184,36.704532,38.991476,112
sfno,weight+ic,geopotential,500,24,48.130411,56.470828,35.71105,112
sfno,weight,geopotential,500,72,118.50583,151.31418,90.751183,112
sfno,ic,geopotential,500,72,74.680137,113.66312,99.481272,112
sfno,weight+ic,geopotential,500,72,138.14565,181.88126,91.477332,112
sfno,weight,geopotential,500,120,225.74011,303.56774,165.90617,112
sfno,ic,geopotential,500,120,143.08253,219.9286,182.73034,112
sfno,weight+ic,geopotential,500,120,250.35126,340.90011,166.63997,112
sfno,weight,geopotential,500,240,494.76398,665.88359,303.77559,112
sfno,ic,geopotential,500,240,385.48516,550.71339,330.94487,112
sfno,weight+ic,geopotential,500,240,508.05588,682.09318,305.81778,112
sfno,weight,geopotential,850,6,12.955672,13.521306,13.099258,112
sfno,ic,geopotential,850,6,17.586551,19.991065,19.30622,112
sfno,weight+ic,geopotential,850,6,22.062124,24.092736,18.741182,112
sfno,weight,geopotential,850,24,33.458044,36.962739,28.265423,112
sfno,ic,geopotential,850,24,22.541317,28.838869,33.254814,112
sfno,weight+ic,geopotential,850,24,40.570738,46.403582,30.609079,112
sfno,weight,geopotential,850,72,91.797121,113.71366,68.547061,112
sfno,ic,geopotential,850,72,56.593738,84.332096,75.587798,112
sfno,weight+ic,geopotential,850,72,106.36848,135.92884,69.752996,112
sfno,weight,geopotential,850,120,169.36957,221.86542,122.93443,112
sfno,ic,geopotential,850,120,107.03074,161.17079,136.02897,112
sfno,weight+ic,geopotential,850,120,187.52094,248.41554,123.32065,112
sfno,weight,geopotential,850,240,356.49725,466.46566,209.54916,112
sfno,ic,geopotential,850,240,274.65301,385.27974,229.5764,112
sfno,weight+ic,geopotential,850,240,364.87208,476.71022,210.01529,112
sfno,weight,temperature,500,6,0.10153568,0.10884061,0.21018517,112
sfno,ic,temperature,500,6,0.20499546,0.22537764,0.27004298,112
sfno,weight+ic,temperature,500,6,0.23007244,0.24961308,0.2645741,112
sfno,weight,temperature,500,24,0.29852496,0.32678489,0.36751705,112
sfno,ic,temperature,500,24,0.21740925,0.26752353,0.42185686,112
sfno,weight+ic,temperature,500,24,0.37032452,0.41548503,0.3844663,112
sfno,weight,temperature,500,72,0.77551083,0.89851707,0.62782539,112
sfno,ic,temperature,500,72,0.43928306,0.63470873,0.71776282,112
sfno,weight+ic,temperature,500,72,0.87355724,1.0390487,0.63048441,112
sfno,weight,temperature,500,120,1.2809858,1.5319304,0.91563383,112
sfno,ic,temperature,500,120,0.75273384,1.0856571,1.0386495,112
sfno,weight+ic,temperature,500,120,1.3823389,1.6725388,0.91369388,112
sfno,weight,temperature,500,240,2.3102168,2.7719512,1.4028208,112
sfno,ic,temperature,500,240,1.7544923,2.3178514,1.5277048,112
sfno,weight+ic,temperature,500,240,2.358144,2.8295985,1.4097685,112
sfno,weight,temperature,850,6,0.11059948,0.1291628,0.24903696,112
sfno,ic,temperature,850,6,0.36913288,0.46453101,0.38667437,112
sfno,weight+ic,temperature,850,6,0.38633544,0.47893385,0.38320901,112
sfno,weight,temperature,850,24,0.30958053,0.36960574,0.46070791,112
sfno,ic,temperature,850,24,0.31624349,0.39747114,0.51240426,112
sfno,weight+ic,temperature,850,24,0.44060071,0.52695751,0.48194193,112
sfno,weight,temperature,850,72,0.82062686,1.0013912,0.74083517,112
sfno,ic,temperature,850,72,0.52297948,0.71860195,0.82959909,112
sfno,weight+ic,temperature,850,72,0.93105302,1.1440871,0.7304515,112
sfno,weight,temperature,850,120,1.3731248,1.6912786,1.0364847,112
sfno,ic,temperature,850,120,0.87808487,1.2222164,1.1707355,112
sfno,weight+ic,temperature,850,120,1.4871232,1.8365528,1.0222767,112
sfno,weight,temperature,850,240,2.5498376,3.0840575,1.5509503,112
sfno,ic,temperature,850,240,2.0003673,2.5963506,1.7037242,112
sfno,weight+ic,temperature,850,240,2.6058596,3.1458651,1.5496065,112
sfno,weight,u_component_of_wind,500,6,0.34553339,0.36284372,0.63198364,112
sfno,ic,u_component_of_wind,500,6,0.71138463,0.79902607,0.81991955,112
sfno,weight+ic,u_component_of_wind,500,6,0.79728044,0.87505671,0.80302874,112
sfno,weight,u_component_of_wind,500,24,0.85910557,0.92930497,1.198318,112
sfno,ic,u_component_of_wind,500,24,0.75745607,0.89315368,1.2722362,112
sfno,weight+ic,u_component_of_wind,500,24,1.147423,1.2632973,1.1805684,112
sfno,weight,u_component_of_wind,500,72,2.3492711,2.6492173,1.9872292,112
sfno,ic,u_component_of_wind,500,72,1.4776314,1.9553976,2.2012643,112
sfno,weight+ic,u_component_of_wind,500,72,2.6683237,3.0385823,1.951641,112
sfno,weight,u_component_of_wind,500,120,3.9065193,4.3873828,2.7385782,112
sfno,ic,u_component_of_wind,500,120,2.4236072,3.1600678,3.1034368,112
sfno,weight+ic,u_component_of_wind,500,120,4.1931934,4.7259482,2.7211257,112
sfno,weight,u_component_of_wind,500,240,6.7780226,7.4804706,3.9757937,112
sfno,ic,u_component_of_wind,500,240,5.1937344,6.2033009,4.3731155,112
sfno,weight+ic,u_component_of_wind,500,240,6.8749537,7.5766566,3.9857331,112
sfno,weight,u_component_of_wind,850,6,0.2573018,0.27427078,0.46604856,112
sfno,ic,u_component_of_wind,850,6,0.69097005,0.78664916,0.66957079,112
sfno,weight+ic,u_component_of_wind,850,6,0.74061384,0.82972952,0.65992069,112
sfno,weight,u_component_of_wind,850,24,0.58053092,0.64884096,0.8906418,112
sfno,ic,u_component_of_wind,850,24,0.64638906,0.77972489,0.94421387,112
sfno,weight+ic,u_component_of_wind,850,24,0.86188941,0.98676503,0.8942562,112
sfno,weight,u_component_of_wind,850,72,1.6090687,1.9002386,1.4344119,112
sfno,ic,u_component_of_wind,850,72,1.1474347,1.5393664,1.5719306,112
sfno,weight+ic,u_component_of_wind,850,72,1.8663259,2.2228904,1.4146887,112
sfno,weight,u_component_of_wind,850,120,2.6908448,3.1559144,1.9783727,112
sfno,ic,u_component_of_wind,850,120,1.8203854,2.4074418,2.216906,112
sfno,weight+ic,u_component_of_wind,850,120,2.9115339,3.4179307,1.9636124,112
sfno,weight,u_component_of_wind,850,240,4.5836753,5.1999991,2.7111323,112
sfno,ic,u_component_of_wind,850,240,3.6284246,4.4066931,2.973967,112
sfno,weight+ic,u_component_of_wind,850,240,4.647666,5.2605749,2.7141708,112
sfno,weight,v_component_of_wind,500,6,0.36519285,0.38242977,0.65223837,112
sfno,ic,v_component_of_wind,500,6,0.70519533,0.78615498,0.82468234,112
sfno,weight+ic,v_component_of_wind,500,6,0.79909257,0.87100329,0.80540526,112
sfno,weight,v_component_of_wind,500,24,0.83284931,0.91085105,1.2158374,112
sfno,ic,v_component_of_wind,500,24,0.76187789,0.91418626,1.2759658,112
sfno,weight+ic,v_component_of_wind,500,24,1.1348624,1.2642924,1.1866002,112
sfno,weight,v_component_of_wind,500,72,2.1591149,2.5541529,2.0009238,112
sfno,ic,v_component_of_wind,500,72,1.4701061,2.0353401,2.1909096,112
sfno,weight+ic,v_component_of_wind,500,72,2.4983883,2.9872607,1.965046,112
sfno,weight,v_component_of_wind,500,120,3.6353545,4.3272069,2.7582862,112
sfno,ic,v_component_of_wind,500,120,2.4267556,3.3182038,3.0781801,112
sfno,weight+ic,v_component_of_wind,500,120,3.937426,4.7055162,2.7304629,112
sfno,weight,v_component_of_wind,500,240,6.3033427,7.4003155,3.8274263,112
sfno,ic,v_component_of_wind,500,240,5.157563,6.4567187,4.1895651,112
sfno,weight+ic,v_component_of_wind,500,240,6.3981909,7.5028233,3.8338559,112
sfno,weight,v_component_of_wind,850,6,0.26297997,0.27946061,0.47388882,112
sfno,ic,v_component_of_wind,850,6,0.66908024,0.76203061,0.66468331,112
sfno,weight+ic,v_component_of_wind,850,6,0.72007827,0.80643682,0.65594788,112
sfno,weight,v_component_of_wind,850,24,0.5527179,0.62235942,0.89143529,112
sfno,ic,v_component_of_wind,850,24,0.6247478,0.76378972,0.93337023,112
sfno,weight+ic,v_component_of_wind,850,24,0.82730026,0.95727486,0.88712203,112
sfno,weight,v_component_of_wind,850,72,1.4705662,1.8058806,1.4130306,112
sfno,ic,v_component_of_wind,850,72,1.1028613,1.5249943,1.5278044,112
sfno,weight+ic,v_component_of_wind,850,72,1.7241052,2.1321828,1.3865944,112
sfno,weight,v_component_of_wind,850,120,2.4783357,3.0403623,1.9391642,112
sfno,ic,v_component_of_wind,850,120,1.7634415,2.4095611,2.146184,112
sfno,weight+ic,v_component_of_wind,850,120,2.6922379,3.3015601,1.9195887,112
sfno,weight,v_component_of_wind,850,240,4.1672284,4.9551598,2.5718254,112
sfno,ic,v_component_of_wind,850,240,3.4847839,4.3859195,2.8018126,112
sfno,weight+ic,v_component_of_wind,850,240,4.2272618,5.0163468,2.5786677,112
sfno,weight,specific_humidity,500,6,4.610551e-05,5.6409522e-05,9.769927e-05,112
sfno,ic,specific_humidity,500,6,0.00012508792,0.00019368623,0.00012803724,112
sfno,weight+ic,specific_humidity,500,6,0.00013572871,0.00020076662,0.00012578125,112
sfno,weight,specific_humidity,500,24,0.00014124466,0.0001830059,0.00019148276,112
sfno,ic,specific_humidity,500,24,0.00012388967,0.00018961009,0.00020229536,112
sfno,weight+ic,specific_humidity,500,24,0.00018857149,0.00025395301,0.00018749177,112
sfno,weight,specific_humidity,500,72,0.00032808162,0.00042418248,0.00027082511,112
sfno,ic,specific_humidity,500,72,0.0001797639,0.00026184535,0.00031015404,112
sfno,weight+ic,specific_humidity,500,72,0.00035762461,0.00045788155,0.00026852964,112
sfno,weight,specific_humidity,500,120,0.00047213416,0.00058902361,0.00032767573,112
sfno,ic,specific_humidity,500,120,0.00025354299,0.00035313455,0.00038692245,112
sfno,weight+ic,specific_humidity,500,120,0.00049095009,0.00060777252,0.00032678707,112
sfno,weight,specific_humidity,500,240,0.00067387564,0.00079502011,0.00040663195,112
sfno,ic,specific_humidity,500,240,0.00047529715,0.00059475322,0.00045839173,112
sfno,weight+ic,specific_humidity,500,240,0.00067415538,0.00079372469,0.00040749368,112
sfno,weight,specific_humidity,850,6,9.9486438e-05,0.00012031045,0.00024610235,112
sfno,ic,specific_humidity,850,6,0.00040307253,0.00055339239,0.00039079581,112
sfno,weight+ic,specific_humidity,850,6,0.00041564906,0.0005621017,0.00038747356,112
sfno,weight,specific_humidity,850,24,0.00029610503,0.00038039042,0.00049261033,112
sfno,ic,specific_humidity,850,24,0.00037708127,0.00053082145,0.00051252356,112
sfno,weight+ic,specific_humidity,850,24,0.0004731315,0.00062409261,0.00048755183,112
sfno,weight,specific_humidity,850,72,0.00076926352,0.00098513418,0.00068990192,112
sfno,ic,specific_humidity,850,72,0.00052526857,0.00074159982,0.00077181527,112
sfno,weight+ic,specific_humidity,850,72,0.00086093341,0.0010906459,0.00067359813,112
sfno,weight,specific_humidity,850,120,0.0011232667,0.0013713829,0.00080009135,112
sfno,ic,specific_humidity,850,120,0.00072215356,0.0009693454,0.0009318652,112
sfno,weight+ic,specific_humidity,850,120,0.0011821221,0.0014322663,0.00079181059,112
sfno,weight,specific_humidity,850,240,0.0016153489,0.0018577569,0.00094671526,112
sfno,ic,specific_humidity,850,240,0.0012383017,0.0015017745,0.0010582301,112
sfno,weight+ic,specific_humidity,850,240,0.0016352321,0.001877142,0.00094631576,112
